,0.025,0.05,0.07500000000000001,0.1,0.125,0.15,0.17500000000000002,0.2,0.225,0.25,0.275,0.30000000000000004,0.32500000000000007,0.35000000000000003,0.37500000000000006,0.4,0.42500000000000004,0.45000000000000007,0.47500000000000003,0.5,0.525,0.55,0.5750000000000001,0.6000000000000001,0.6250000000000001,0.65,0.675,0.7000000000000001,0.7250000000000001,0.7500000000000001,0.775,0.8,0.8250000000000001,0.8500000000000001,0.8750000000000001,0.9,0.925,0.9500000000000001,0.9750000000000001,1.0,1.025,1.05,1.075,1.0999999999999999,1.125,1.15,1.175,1.2,1.225,1.25,1.275,1.3,1.325,1.35,1.375,1.4,1.425,1.45,1.475,1.5,1.525,1.55,1.575,1.6
0.025,0.035355076507644606,0.05590128557696556,0.07905635484881572,0.1030768760084939,0.1274745420532335,0.15206793533050206,0.17677538368678827,0.20155494871173862,0.22638294879954268,0.25124502663585785,0.27613197667333,0.30103763099281733,0.32595770185370326,0.3508891179394177,0.3758296210218914,0.40077751504652204,0.42573150048092306,0.4506905656815992,0.47565391070695157,0.500620895285875,0.5255910014909221,0.5505638038656581,0.5755389515422786,0.6005161521346309,0.625495159348987,0.650475765487204,0.6754577928646668,0.700441089460244,0.7254255242541906,0.7504109834433128,0.7753973680366864,0.8003845913081088,0.8253725772691703,0.8503612584566828,0.8753505754075612,0.9003404752806784,0.9253309108466982,0.9503218396536771,0.9753132240108622,1.0003046424837476,1.0252911803187357,1.0502736972077715,1.0752504660799713,1.1002187346742407,1.125174927989389,1.1501145329252762,1.175032001453462,1.1999206773583397,1.2247727535370048,1.2495792588965173,1.2743300823768746,1.2990140265479584,1.3236188948161745,1.3481316023443486,1.37253831202127,1.3968245846785874,1.4209755412257448,1.4449760301614714,1.4688107960111978,1.4924646411927025,1.515922583468246,1.539169996780658,1.562192743843036,1.584977288532652
0.05,0.0559012867277237,0.07071015302756335,0.09013811438257534,0.11180257115393094,0.1346281224304271,0.15811270970643931,0.18200139751551825,0.20615375271063446,0.23048690184937987,0.25494908410646694,0.2795064238211368,0.3041358706610043,0.32882122163429156,0.35355076740455016,0.3783158422732497,0.4031098967153101,0.42792789450622865,0.452765897657023,0.4776207859340014,0.5024900532717175,0.5273716651684299,0.5522639534084782,0.577165536995638,0.6020752622231423,0.6269921585207201,0.6519154037232937,0.6768442969112207,0.701778235878835,0.7267167010287301,0.75165924204378,0.7766054665359667,0.8015550300923897,0.826507630672362,0.851463000987316,0.8764209047847958,0.9013811313631974,0.9263434928749327,0.9513078214717416,0.9762739621332677,1.0012409440988563,1.026204826510389,1.051165445664566,1.076121247573723,1.1010693938151828,1.1260062233090413,1.1509271413697986,1.175826522644594,1.200697638123635,1.2255326126457815,1.2503224131738682,1.275056872441653,1.299724743390275,1.3243137857285303,1.3488108787564985,1.3732021549190112,1.3974731515717458,1.4216089719424336,1.4455944529014815,1.469414331331964,1.4930534079307909,1.5164967007478196,1.5397295892313785,1.5627379424575747,1.5855082340992728
0.07500000000000001,0.0790563573839018,0.0901381154400643,0.10606523205242868,0.12499907425696488,0.14577271765177774,0.16770385529739865,0.19039291606929967,0.21359850983831086,0.23716906567948604,0.2610057274259632,0.28504174212801875,0.30923062828768316,0.3335391275492821,0.3579428714393299,0.3824236268555625,0.40696749648063596,0.4315637110635523,0.4562038054645434,0.48088103410605415,0.5055899587851376,0.5303261515644898,0.5550859647414549,0.5798663733316267,0.6046648452072743,0.6294792456538291,0.6543077621518025,0.6791488467926065,0.7040011690343149,0.7288635794218784,0.7537350797277926,0.7786147985291906,0.8035019730083387,0.8283959303526749,0.8532960775779763,0.8782018880680272,0.9031128930682312,0.9280286744900423,0.9529488571524303,0.9778730403244452,1.002799720758158,1.0277257173113026,1.0526499959121969,1.0775709612835773,1.1024856664131657,1.1273903090758146,1.152280159139001,1.1771494630607906,1.2019913714936994,1.2267978966128956,1.2515599032368536,1.2762671306900248,1.3009082500221956,1.3254709497424548,1.3499420485436096,1.3743076298295922,1.3985531918084424,1.4226638091510866,1.4466242987184212,1.4704193864691524,1.4940338684326067,1.5174527662864143,1.5406614660097961,1.5636458494262604,1.58639240541375
0.1,0.10307687982162174,0.11180257345544731,0.12499907583815208,0.14142030613836684,0.16007692169390628,0.18027622876515056,0.20155495030772017,0.22360514103117674,0.24621961989263122,0.26925624486085425,0.29261532812419017,0.3162254195452432,0.3400342410596523,0.36400279503103566,0.3881014893359385,0.4123075054200016,0.4366029915065629,0.46097380369875995,0.4854085953628753,0.5098981682129353,0.5344349937255864,0.559012847642274,0.5836265470242181,0.6082717408526886,0.6329447498449842,0.6576424432685855,0.6823621410638133,0.7071015349453167,0.7318586290056474,0.7566316845465068,0.7814191832489719,0.8062197941394428,0.8310323416423653,0.8558557890124593,0.8806892141122523,0.9055317953411279,0.9303828007362227,0.9552415624262978,0.9801072752981258,1.004978056310134,1.0298511256308107,1.0547248121125166,1.079597236194177,1.1044653245683376,1.1293250854218835,1.1541715997618338,1.1789989370105087,1.2038000811624496,1.2285668885407066,1.2532900823571325,1.2779592730848817,1.3025630182571935,1.3270889084268445,1.3515236787027833,1.375853344669731,1.4000633512588088,1.4241387335540654,1.4480642819978946,1.4718247070738701,1.495404800163542,1.5187895865132695,1.541964463508969,1.5649153299193415,1.5876286966927968
0.125,0.127474546653658,0.1346281263050832,0.14577271984479917,0.16007692245426725,0.17677538272376425,0.1952547966605218,0.21505653881159345,0.23584777978181015,0.2573888461343559,0.27950642788482777,0.3020739100833305,0.32499759077341883,0.34820712515687585,0.37164896307075085,0.3952817744941292,0.4190732576789219,0.44299784323568286,0.4670350786157939,0.4911684246544659,0.5153843800424693,0.5396718256878454,0.5640215251125473,0.588425750054333,0.61287798692105,0.6373727102843976,0.6619052048061166,0.6864714185698586,0.7110678579003668,0.7356914909230995,0.7603396766525109,0.7850100998702467,0.8097007303554874,0.8344097733308113,0.8591356403661111,0.8838769187235187,0.9086323514405902,0.9334008080746347,0.9581812322795695,0.982972322736249,1.0077719112708299,1.032577310969949,1.0573863668289878,1.0821967764685205,1.1070052722639085,1.1318076300708038,1.156598698331906,1.1813723188867848,1.2061212644670178,1.2308371956944535,1.255510655108327,1.2801310901722711,1.3046869161327064,1.3291655983291983,1.353553767988111,1.377837354683826,1.4020017377500302,1.426031902569248,1.449912606218843,1.4736285412249601,1.4971644935736668,1.5205054940626015,1.543636955323246,1.566544798594788,1.5892155629792957
0.15,0.15206794089157688,0.15811271477354152,0.1677038593880152,0.18027623088012787,0.1952547967107507,0.21213046410187608,0.2304869052393013,0.2499981502257384,0.27041434265459174,0.291545435303555,0.31324678090360386,0.33540771059479646,0.3579428733558711,0.38078583215789685,0.40388436563493424,0.42719701967539253,0.45069056755796755,0.47433813143201475,0.4981177771826687,0.5220114548519257,0.5460041923023239,0.5700834842888,0.5942388088005153,0.6184612572673269,0.6427432388877276,0.6670782550956651,0.6914607053552877,0.7158857428786586,0.7403491529969294,0.7648472537111218,0.7893768146093032,0.8139349919103626,0.8385192713043804,0.8631274221290799,0.887757459325587,0.9124076100045115,0.937076272579433,0.9617619028993585,0.9864626794325477,1.0111761455594324,1.0358995115526597,1.0606301812983534,1.0853653836666919,1.1101015612517358,1.13483422013745,1.1595579274521566,1.1842662565996802,1.208951725564038,1.2336057594889691,1.2582186844920353,1.2827797548455198,1.3072772130847974,1.331698377005955,1.35602975308389,1.3802571700205826,1.404365928065729,1.428340954206804,1.45216696848317,1.4758286424674272,1.4993107573536346,1.5225983509198382,1.5456768563203442,1.5685322226831995,1.591151024173032
0.17500000000000002,0.1767753904715422,0.18200140320943714,0.190392921304216,0.20155495523470457,0.2150565406185278,0.2304869063455203,0.24748554205711396,0.2657516788652773,0.28504174563672374,0.3051616316784804,0.3259577055361137,0.3473085269407612,0.3691178411416123,0.39130899571738775,0.41382056598069883,0.4366029926368327,0.45961600032584515,0.4828266179856343,0.5062076649131606,0.5297365729295241,0.5533944868561695,0.5771655387911403,0.6010363066905126,0.6249953651380954,0.6490329353431429,0.6731406082886525,0.6973111121547432,0.7215381330298789,0.7458161626248373,0.7701403781855494,0.7945065358647782,0.818910892964566,0.8433501339573033,0.8678213104637397,0.8923217950058423,0.9168492335414238,0.9414014758125765,0.9659764205723615,0.9905717204076039,1.0151845831577468,1.0398119750831287,1.0644508627259655,1.0890979881494172,1.1137494220644157,1.138400348976172,1.1630450172258853,1.1876766888817207,1.2122875882677457,1.2368688687066933,1.2614106067082,1.285901832242759,1.3103305912390917,1.3346840307354368,1.3589485151953384,1.383109757883381,1.4071529694584308,1.4310630124745205,1.4548245643493158,1.4784222749611229,1.5018409206823573,1.5250655528669597,1.5480816265617297,1.5708751261202594,1.5934326676785089
0.2,0.20155495612250407,0.20615375964324334,0.21359851624993897,0.22360514691089448,0.2358477845391589,0.24999815167630382,0.2657516795381184,0.2828406232581122,0.30103763619164847,0.3201538433878111,0.3400342445063607,0.36055245753030085,0.3816056109084321,0.4031099006154416,0.4249968501504537,0.4472102767943515,0.46970387413376036,0.4924392397852617,0.5153843824136922,0.5385124897217078,0.5618009609303414,0.5852306562483783,0.6087852688552788,0.6324508437731949,0.656215370872521,0.6800684821193064,0.7040011709798295,0.728005590062073,0.7520748699656239,0.7762029786718788,0.8003845932633081,0.8246150068170507,0.8488900458935337,0.8732059827437745,0.89755949261402,0.9219475814321915,0.946367487300192,0.9708165072472188,0.9952917572917552,1.0197900509463174,1.0443080075215037,1.0688421391795713,1.0933886875757806,1.1179432906759914,1.1425007575429451,1.167054977788095,1.191598865400243,1.216124314084452,1.2406221745991346,1.2650822404299438,1.2894932914409767,1.3138431534417394,1.338118783648486,1.3623063884884523,1.3863915534163884,1.410359391623762,1.4341946936136267,1.4578820936602304,1.4814062187684378,1.5047518446358352,1.5279040347430446,1.5508482766980005,1.5735705946213516,1.5960576538352806
0.225,0.2263829575234065,0.23048691035472335,0.2371690731570179,0.2462196253600291,0.2573888510915596,0.2704143470147068,0.2850417483536708,0.3010376367706909,0.31819569691635,0.3363381138204312,0.3553141294461737,0.3749972224144188,0.395281779791291,0.4160798423428046,0.437318151729389,0.45893559395190897,0.48088103785293534,0.5031115662654863,0.525591005244172,0.5482887390293166,0.5711787486138207,0.5942388107846304,0.6174498738862003,0.6407955293046838,0.6642615871503961,0.687835724284421,0.7115071973776858,0.7352666056261624,0.7591056930585532,0.7830171821048323,0.806994634627572,0.8310323440245642,0.8551252264622513,0.8792687466636424,0.9034588358645174,0.9276918115238652,0.9519642549431135,0.9762728325292992,1.0006141066852037,1.0249844426804184,1.0493800269988198,1.0737969009789117,1.098230787082742,1.122676845825844,1.1471294620178738,1.1715821258205588,1.1960273698072748,1.2204567276641876,1.2448607085269299,1.2692288045299311,1.2935495188407689,1.3178104361361032,1.3419983082694757,1.3660991690043642,1.3900984665727465,1.4139812084499466,1.4377321135514796,1.4613357673467582,1.4847767767955102,1.5080399176619417,1.5311102765617013,1.5539733735185526,1.5766152816164605,1.599022724645071
0.25,0.25124503622038336,0.2549490933834723,0.26100573563048945,0.2692562526101663,0.27950643363861843,0.29154543975834163,0.3051616343270704,0.3201538426785293,0.33633811305246547,0.35355076596180524,0.3716489678780873,0.3905095933210452,0.4100274505013467,0.4301130777498093,0.4506905719128773,0.471695562591873,0.49307341975014174,0.5147776924051422,0.5367687859067272,0.5590128557696553,0.5814808574579996,0.6041478202685298,0.6269921622022345,0.6499951804484534,0.6731406108256341,0.6964142503534805,0.7198036653343804,0.7432979261415037,0.7668873958552495,0.7905635493142212,0.8143188349820197,0.8381465152258032,0.8620405883581251,0.8859956791186239,0.910006948770176,0.9340699911405403,0.9581806996041342,0.9823350949142238,1.0065291637323923,1.030758770492952,1.0550196221159571,1.0793072493810065,1.1036168416730943,1.127943049387728,1.1522797885612925,1.176620113405092,1.2009561446457993,1.2252790247467937,1.2495789008041773,1.2738449315443694,1.2980653329253078,1.3222274237257776,1.3463177371780894,1.3703221257500582,1.3942258927774773,1.4180139347997784,1.4416708961333387,1.4651813156140119,1.488529782029477,1.511701078412139,1.5346803106858877,1.5574530473631616,1.5800054150232652,1.602324202721247
0.275,0.276131987396096,0.27950643369073125,0.28504175181631664,0.292615336550432,0.30207391812197426,0.313246787215823,0.3259577109299499,0.34003425061880005,0.3553141322065439,0.37164896688030485,0.3889058518372032,0.4069675024994266,0.42573150746252325,0.4451090493729097,0.46502343723229467,0.48540860044267414,0.506207668428894,0.5273716703993067,0.5488583932180321,0.5706313804317934,0.5926590874015963,0.6149141361786845,0.6373727149638857,0.6600140477431339,0.6828199524815398,0.7057744783084178,0.7288635832224146,0.7520748716857298,0.7753973718298591,0.7988213412482802,0.8223381124291582,0.8459399420133353,0.8696199032733748,0.8933717714824003,0.9171899214246658,0.9410692059252721,0.9650048143099534,0.9889921086761243,1.0130264805888731,1.0371032503842341,1.0612176126046595,1.0853645491663528,1.1095387012873519,1.1337341824081397,1.1579444067046352,1.1821619592033923,1.2063785183595428,1.230584811435673,1.2547706015950288,1.2789246979007876,1.3030350001327227,1.3270885589410304,1.3510716757592431,1.3749700121454225,1.3987687215806492,1.4224525900091503,1.4460061825442618,1.4694139968068123,1.4926606063519279,1.5157308025797465,1.538609729792739,1.5612829998249755,1.5837368050294187,1.6059580078907534
0.30000000000000004,0.3010376426803084,0.304135881783153,0.3092306390336308,0.31622543041558243,0.32499760023527113,0.33540771877603065,0.34730853308017434,0.3605524641355558,0.3749972271588514,0.3905095934215024,0.4069675041203929,0.4242609289374043,0.4422918767621319,0.4609738104786036,0.48023076257614117,0.4999962970268131,0.5202124482836176,0.5408286853091822,0.5618009644072461,0.5830908706071117,0.6046648507026239,0.626493561807207,0.6485512821266847,0.6708154224662768,0.6932660929657611,0.715885746711741,0.7386588594973601,0.7615716646130845,0.7846119244541332,0.8077687311856173,0.8310323448197108,0.854394036184438,0.8778459697837159,0.9013810784782615,0.9249929477752673,0.9486756833461176,0.9724237662338724,0.9962318945191759,1.0200948468031765,1.0440073714949196,1.067964112551315,1.0919594837376978,1.115987558256287,1.1400418923014308,1.1641153706894523,1.1882000803591257,1.2122872332283225,1.2363671204870086,1.260429102105583,1.2844616211491409,1.3084522518123356,1.3323877624111657,1.3562542157833213,1.3800370784985088,1.4037213514520304,1.4272917086475787,1.4507326412046635,1.474028606862069,1.4971641694530589,1.5201241387890077,1.542893695659229,1.5654585125221436,1.5878048524936086,1.6099196608636779
0.32500000000000007,0.32595771475607754,0.32882123423906956,0.3335391395558185,0.34003425238719187,0.3482071361887802,0.357942882752302,0.36911784926875224,0.3816056179310847,0.395281785407966,0.41002745262999046,0.4257315103540474,0.44229187840453493,0.45961600684482223,0.4776207946118445,0.49623215822694045,0.5153843858125224,0.5350194023086668,0.5550859720365378,0.575538958809245,0.5963386031949758,0.6174498774584807,0.638841883790012,0.6604873466212099,0.6823621467087301,0.7044449199122162,0.7267167067320776,0.7491606504697811,0.7717617315097894,0.7945065395511507,0.8173830753219173,0.8403805832633416,0.8634893893559492,0.8867007815679193,0.9100068668564104,0.9334004533480206,0.9568749061336003,0.9804240008362248,1.0040417712292697,1.027722371805594,1.051459964486732,1.0752485943114334,1.0990821108724211,1.1229539963030986,1.1468572325954667,1.1707841531069252,1.1947263256632261,1.2186744746881168,1.2426184371942495,1.2665471573161426,1.290448698766852,1.3143103018433138,1.3381184457100928,1.3618589498708893,1.3855170846328977,1.4090776986930595,1.4325253560575684,1.4558444789678215,1.479019489549539,1.5020349493733427,1.5248756920819122,1.547526948937521,1.5699744561231685,1.5922045585461686,1.6142042926866156
0.35000000000000003,0.3508891314830782,0.35355078124282235,0.35794288427007387,0.3640028064188742,0.37164897552915194,0.3807858429280973,0.39130900504937904,0.4031099079914366,0.41607984889833227,0.4301130812370554,0.4451090537075323,0.4609738126910396,0.47762079574930616,0.4949710843038087,0.512953317737242,0.5315033577295635,0.5505638124973958,0.5700834914542375,0.5900168166174122,0.6103232633569624,0.6309667994099707,0.6519154111887311,0.6731406137135035,0.694617052443468,0.7163221318018869,0.7382356823525494,0.7603396813181846,0.7826179913713103,0.8050561419430065,0.8276411301828159,0.8503612568675126,0.8732059619339172,0.8961656907078245,0.9192317631118228,0.9423962292213104,0.9656517284697089,0.9889913443613443,1.0124084485930267,1.035896566014916,1.0594492495860854,1.0830599521571964,1.1067219198854124,1.130428039405094,1.1541707051140404,1.1779416851354247,1.20173200936522,1.2255319001696556,1.2493307288985187,1.27311700814119,1.2968784202481458,1.3206018644920348,1.3442735276496474,1.367878986178651,1.3914033143472477,1.4148312122937257,1.4381471385851545,1.4613354524299242,1.4843805481719201,1.5072669930248905,1.5299796555996807,1.552503819522988,1.5748253012619917,1.5969305345447158,1.6188066574016424
0.37500000000000006,0.37582963587161866,0.3783158560885423,0.3824236407521222,0.3881015031514477,0.39528178824214805,0.40388437725979376,0.41382057713425147,0.4249968581615011,0.4373181602515665,0.4506905772003205,0.4650234427640947,0.48023076708443985,0.4962321605423627,0.5129533178829766,0.5303261611804714,0.5482887477849694,0.5667850070921292,0.5857643888401298,0.6051814409935713,0.6249953712848212,0.6451696169119177,0.6656714169662628,0.6864714258100925,0.7075433421858601,0.7288635863796472,0.7504109905353732,0.7721665387279122,0.794113123976172,0.8162353352804526,0.8385192709823456,0.8609523677990647,0.8835232456213975,0.906221566067102,0.9290378945312495,0.9519635564773148,0.9749904925602599,0.9981111056220242,1.0213181171018033,1.0446044217581902,1.0679629545072282,1.0913865656023176,1.1148678867380382,1.13839920102378,1.1619723061877292,1.1855783920822716,1.2092079439959977,1.2328506687941776,1.2564954623130842,1.2801304048445408,1.3037427893554963,1.327319173188242,1.3508454535157801,1.3743069642568697,1.3976885895372586,1.4209748860360585,1.444150215546334,1.467198880830412,1.4901052574931404,1.5128539284247313,1.5354298039139176,1.5578182381245969,1.5800051295467747,1.6019770134585238,1.6237211374543707
0.4,0.4007775306484601,0.40310991224500664,0.4069675108400037,0.412307519286485,0.4190732696683809,0.4271970324998792,0.43660300492834886,0.4472102884010945,0.4589356023877289,0.4716955690783175,0.4854086074351629,0.4999963033526098,0.5153843915098056,0.5315033590762349,0.5482887473916667,0.5656812408585936,0.583626557064874,0.602075272383298,0.6209825201815904,0.6403076867756224,0.6600140516969211,0.6800684890127191,0.7004410983875294,0.7211049118493403,0.742035606180446,0.7632112217638448,0.78461192766115,0.8062198000222044,0.8280186178144291,0.8499936858009579,0.8721316702179557,0.8944204435835091,0.9168489403974852,0.9394070239520058,0.9620853304439132,0.9848751308393037,1.007768171746275,1.0307565352714003,1.0538324893526307,1.0769883472731883,1.100216359106785,1.1235085281420174,1.1468565303702916,1.1702515627401393,1.1936842328999449,1.2171444727389762,1.2406214690716046,1.2641036400416965,1.2875786288495716,1.3110333420015194,1.33445399845092,1.3578262080623333,1.3811350702546608,1.4043652854380897,1.4275012752927352,1.4505273135861583,1.4734276585476906,1.4961866766597047,1.5187889766198293,1.5412195248062546,1.5634637480814078,1.5855076458039523,1.607337861379705,1.6289417628246254
0.42500000000000004,0.4257315172045112,0.42792791112210793,0.43156372710078544,0.43660300573169525,0.4429978567063983,0.4506905816010087,0.45961601320699047,0.4697038874442687,0.4808810485189295,0.49307342818695377,0.5062076766233627,0.5202124542146697,0.5350194077924311,0.5505638168972588,0.5667850088104308,0.5836265576660707,0.6010363165117718,0.6189663394584376,0.6373727214730218,0.6562153787700578,0.675457803373572,0.6950667921251836,0.7150121873211603,0.735266613886873,0.7558052238959546,0.7766054754329563,0.7976468965089946,0.8189108962484228,0.8403805773772174,0.8620405604586463,0.8838768358431919,0.905876605429355,0.9280281489250188,0.9503206725432405,0.972744169564219,0.9952892727049426,1.0179471005648104,1.0407091097023111,1.0635669510510404,1.0865123331362831,1.109536860294134,1.1326319508803047,1.1557886580663006,1.1789975760811278,1.2022487313959551,1.2255314990779556,1.2488345471231526,1.2721458144996511,1.295452515647573,1.318741170251302,1.3419976667970595,1.3652073360937347,1.3883550535448657,1.4114253447638654,1.4344025084797765,1.4572707433467476,1.4800142694319065,1.5026174618841655,1.5250649655204938,1.5473418108888553,1.5694335186406958,1.5913261900934177,1.6130065904973407,1.6344622164569294
0.45000000000000007,0.4506905831606694,0.4527659155341378,0.4562038223824248,0.460973820709447,0.46703509346445027,0.4743381467855945,0.4828266320217751,0.4924392533292957,0.5031115778989923,0.5147777021831196,0.527371679984023,0.5408286940294146,0.555085978645612,0.5700834970674108,0.5857643926470135,0.6020752735405073,0.6189663405940783,0.636391394139351,0.6543077739474761,0.6726762276408644,0.6914607155250507,0.7106282591238783,0.7301486868985034,0.7499944464943858,0.7701403856797495,0.7905635588195438,0.811243024593337,0.8321596748839766,0.8532960590658191,0.8746362313719396,0.896165599556746,0.9178707772419367,0.9397394528267524,0.9617602354319279,0.9839225198909877,1.0062163380850269,1.028632203884517,1.0511609723635436,1.0737936876542145,1.0965214477274734,1.1193352525815006,1.1422259004866322,1.1651838372525372,1.1881990588697975,1.2112610102777366,1.2343585170208131,1.257479731988228,1.2806121213909738,1.303742475427923,1.326856938673446,1.3499410786052377,1.3729799595959906,1.395958242416932,1.4188602942603399,1.4416703035247378,1.464372405344268,1.486950800579313,1.5093898813756275,1.531674343294781,1.5537892969725073,1.5757203582908579,1.5974537520131737,1.6189763722561064,1.640275854297892
0.47500000000000003,0.47565392940397544,0.47762080382945243,0.4808810522188539,0.48540861236766497,0.4911684409581048,0.49811779277317225,0.50620768012358,0.5153843961556774,0.5255910184315936,0.5367687974638478,0.5488584040482388,0.5618009735367158,0.5755389669917159,0.5900168231583193,0.6051814459804525,0.6209825262204332,0.637372724204497,0.6543077750691458,0.6717464714312372,0.6896506069605695,0.707984872688525,0.7267167127849444,0.7458161729029744,0.7652557265889298,0.7850101091856001,0.8050561442435694,0.8253725794463918,0.8459399263204873,0.866740311230288,0.887757325476863,0.9089758896016122,0.9303821125901296,0.951963151656128,0.9737070830639737,0.9956027487946215,1.0176396152796783,1.0398076251298174,1.062097048662495,1.0844983410131905,1.1070019979920578,1.1295984245976194,1.1522778039440458,1.175029982702517,1.1978443635693028,1.2207098216119587,1.2436146378351747,1.2665464609236448,1.289492295608699,1.3124385144929116,1.335370905315376,1.3582747263859194,1.3811347901826942,1.4039355609705118,1.426661260170843,1.4492959832217376,1.471823816758244,1.4942289579235497,1.516495829883821,1.5386091936244255,1.560554248872913,1.5823167295760747,1.6038829847795133,1.6252400518058085,1.6463757147674618
0.5,0.500620915088481,0.5024900724407697,0.5055899785702416,0.5098981873996455,0.5153843991081088,0.5220114712609769,0.5297365906408726,0.5385125025697606,0.5482887548457801,0.5590128672772358,0.5706313939168574,0.5830908801595124,0.5963386140132785,0.6103232686541384,0.6249953791907592,0.6403076898162503,0.6562153835919617,0.6726762261049305,0.6896506085855543,0.7071015345566966,0.7249946344499459,0.7432979357108426,0.7619818918630353,0.7810191839916572,0.800384601363645,0.82005489333153,0.8400086396259343,0.8602261046945769,0.8806891046222725,0.9013808762618979,0.92228593671468,0.9433899716758214,0.9646796790757561,0.9861426522282073,1.007767227781486,1.0295423456556496,1.051457406020929,1.0735021198008374,1.0956663676888,1.11794006451593,1.14031301296776,1.1627748095177535,1.1853147046792214,1.207921521389855,1.230583575171112,1.2532886159941208,1.2760238015743282,1.2987756893133018,1.3215302541789837,1.3442729402821176,1.3669887123093418,1.3896621527595074,1.4122775452002216,1.4348189851819517,1.457270491724542,1.479616120431405,1.5018400812710868,1.523926844736373,1.5458612505666642,1.5676285974072188,1.5892147639813197,1.6106062207947416,1.6317901627463338,1.6527545319235515
0.525,0.5255910221488093,0.5273716857562112,0.5303261716779699,0.5344350134930883,0.5396718448092995,0.5460042107565372,0.553394504344981,0.5618009749805999,0.5711787641938767,0.5814808720993708,0.5926591007468225,0.6046648630054965,0.6174498882821627,0.6309668091876873,0.6451696251728273,0.6600140588249233,0.6754578088979161,0.6914607199274528,0.7079848754652126,0.7249946360906483,0.7424566262715719,0.7603396892226343,0.7786148114423437,0.7972550301539032,0.8162353361305668,0.83553254373123,0.8551251916595597,0.8749934160873059,0.8951188314546389,0.9154844118382894,0.9360743676450878,0.9568740230112959,0.9778696863851409,0.9990485197208807,1.0203984001015327,1.0419077804787282,1.0635655460507372,1.0853608729069466,1.1072830873156232,1.1293215261627019,1.1514654409037268,1.1737038184613122,1.196025340197467,1.2184182640504786,1.240870361077948,1.263368870121033,1.285900473870813,1.3084513010947751,1.3310069504890016,1.3535525388250325,1.376072765867645,1.3985519977542102,1.4209743602403164,1.4433238434163709,1.4655844091283547,1.4877401017741743,1.5097751611479564,1.531674120816734,1.5534219152747133,1.5750039688345676,1.5964062782526651,1.6176154863857397,1.6386189430001603,1.6594047566810357
0.55,0.5505638252697417,0.5522639750779258,0.5550859856835533,0.5590128673814604,0.564021545599686,0.570083503905346,0.5771655573017466,0.5852306757832987,0.5942388272083506,0.604147836243948,0.6149141507520491,0.6264935744316479,0.6388418956478209,0.6519154221508026,0.6656714272570479,0.6800684966216556,0.6950667987570461,0.7106282646091914,0.7267167171508152,0.7432979337153394,0.7603396903571249,0.7778117030462101,0.7956856320405613,0.8139350001095504,0.8325351105804091,0.8514629732955968,0.8706971975639659,0.8902178957821698,0.9100065795284834,0.9300460479938483,0.9503202778396599,0.9708143063661696,0.9915141086377814,1.0124064675761388,1.033478843807431,1.0547192367342688,1.076116049889101,1.0976579469358345,1.1193337209611784,1.141132168400067,1.1630419493337152,1.1850515155605417,1.2071489782788696,1.2293220486663503,1.251557975710784,1.2738435050226447,1.2961648686061809,1.3185077890109633,1.3408575111224252,1.3631988501540493,1.3855162607658658,1.4077939192822162,1.4300158167400439,1.4521658585437731,1.4742279714752675,1.4961862091078193,1.5180248551092714,1.5397285284831792,1.5612822723236883,1.5826716422107217,1.6038827907501552,1.6249025193048316,1.64571835104878,1.6663185696996075
0.5750000000000001,0.5755389742370207,0.5771655588499411,0.5798663955364467,0.5836265695407615,0.5884257719597518,0.5942388287120673,0.6010363264442401,0.6087852885163759,0.6174498918390968,0.6269921798906262,0.6373727307982877,0.6485512975702208,0.660487360064563,0.673140625487503,0.6864714373316682,0.7004411064392948,0.7150121956334029,0.7301486934728242,0.7458161784886028,0.7619818968058679,0.7786148142607247,0.7956856331638138,0.8131667745126383,0.831032340549945,0.8492580627544417,0.8678212356914378,0.8867006421804068,0.905876463060327,0.92533018934505,0.9450445277395583,0.9650032897665789,0.9851912877908806,1.0055942188349507,1.0261985318871942,1.046991313019232,1.067960142495468,1.0890929673849936,1.1103779671294394,1.1318034240731731,1.1533576000070687,1.1750286238040872,1.1968043924873475,1.218672482786435,1.2406200816008044,1.2626339370485662,1.2847003296897583,1.3068050659662311,1.3289334876561079,1.351070513463325,1.373200683089643,1.3953082323858224,1.4173771746516468,1.4393913886557794,1.4613347208864929,1.4831910850616075,1.504944562816632,1.5265795059653096,1.5480806310277697,1.5694331078210462,1.5906226403406691,1.6116355392577069,1.632458785844727,1.6530800832096637,1.6734878979593564
0.6000000000000001,0.6005161754395689,0.6020752853606144,0.604664868146975,0.6082717635663066,0.6128780107796095,0.6184612780672638,0.6249953854264495,0.6324508635396597,0.640795548541714,0.6499952004705415,0.6600140635350364,0.6708154375520571,0.6823621611020194,0.6946170661603526,0.7075433564545373,0.7211049238105065,0.7352666223862742,0.7499944542700908,0.7652557336702307,0.7810191860208056,0.7972550359339282,0.8139350014241661,0.8310323411914826,0.8485218206555982,0.8663796765632676,0.8845835764989202,0.9031125557565742,0.9219469441378293,0.9410682884473696,0.9604592678604319,0.9801035908922897,0.9999859021616337,1.0200916643428497,1.0404070402862162,1.0609187744672712,1.0816140606300517,1.1024804204907692,1.123505572056969,1.1446773088096898,1.1659833838359468,1.1874114134659146,1.2089487672487125,1.2305825090660252,1.2522993289649926,1.2740855034607033,1.2959268740763907,1.3178088507237353,1.3397164262064787,1.3616342199809792,1.3835465276938448,1.405437394034533,1.427290696617337,1.4490902300331459,1.4708198054423844,1.4924633462327355,1.5140049850754143,1.5354291592852405,1.5567207031565626,1.5778649271147551,1.5988476953332118,1.6196554986099878,1.640275498977914,1.660695591007087,1.6809044332940954
0.6250000000000001,0.6254951840494469,0.6269921830027461,0.6294792697743767,0.63294477205537,0.637372734648216,0.6427432619429619,0.6490329576445548,0.6562153909443721,0.6642616076030315,0.6731406315254146,0.6828199706866492,0.6932661086324073,0.7044449355402309,0.7163221460388497,0.7288636004346857,0.7420356205946439,0.7558052356441062,0.7701403959294287,0.7850101178973488,0.8003846096225242,0.8162353416775033,0.8325351145151071,0.8492580650505206,0.8663796761911586,0.8838767621611218,0.9017274258091424,0.9199110223601029,0.9384080952338273,0.9572003124892954,0.9762703808883082,0.9956019597571,1.0151795742605745,1.0349884930411752,1.0550146322193317,1.0752444273579245,1.0956647170540565,1.1162626240394495,1.1370254287445898,1.157940462064699,1.178994989981585,1.2001761471427683,1.2214707964004212,1.2428655193265692,1.264346536987904,1.2858996862391876,1.307510401931154,1.3291637283755777,1.350844342987905,1.372536595380117,1.3942245717282338,1.4158921549713246,1.4375231158724857,1.4591011939102008,1.4806101890767118,1.5020340586922147,1.5233570084749914,1.5445635832597344,1.5656387490892862,1.586567974597388,1.607337300827735,1.6279334002111137,1.6483436361254844,1.668556100185991,1.6885596505735072
0.65,0.6504757908106807,0.651915429276136,0.6543077870829687,0.6576424684781386,0.6619052273512943,0.6670782788969074,0.6731406311244089,0.6800685020454857,0.6878357452888666,0.6964142723775629,0.7057744976479747,0.7158857655046051,0.7267167236069644,0.7382356983604307,0.7504110041517462,0.7632112358085337,0.7766054874053117,0.7905635697429066,0.8050561540093985,0.8200548975943208,0.8355325503799338,0.8514629788656436,0.8678212400745133,0.8845835777054141,0.9017274259318842,0.9192313803427813,0.9370751664458289,0.9552395972588567,0.9737065049523737,0.9924586787123315,1.0114797719905004,1.0307542271574714,1.0502671613840455,1.0700042716873048,1.0899517162236902,1.1100960089043599,1.1304238931342285,1.1509222438358704,1.1715779525429466,1.192377839119528,1.2133085410007596,1.2343564865568413,1.2555077914290733,1.276748241951707,1.2980632640172685,1.3194379251759556,1.340856937588591,1.3623046966752042,1.3837653208789162,1.4052227154638546,1.4266606364321919,1.4480627780299873,1.4694128496585679,1.4906946705081365,1.5118922548674618,1.5329899037925916,1.5539722874194952,1.5748245232253608,1.5955322525521307,1.616081702722803,1.6364597506841683,1.6566539591986778,1.676652628822632,1.696444822880963
0.675,0.6754578193427211,0.6768443227091624,0.6791488728672435,0.6823621662238013,0.6864714424960076,0.6914607294779295,0.6973111361236108,0.7040011964384646,0.7115072197786458,0.7198036890130737,0.7288636037314731,0.7386588785087067,0.7491606688001644,0.7603396981175381,0.7721665535620374,0.7846119420742266,0.7976469100788648,0.8112430364885385,0.8253725904158462,0.840008651202825,0.8551251999450199,0.8706972041787627,0.8867006477002793,0.903112561776494,0.919911024138568,0.9370751675976701,0.9545851299488174,0.9724220284287354,0.9905679068128033,1.0090056681815462,1.0277189968625868,1.0466922865223922,1.0659105343590125,1.085359245177387,1.1050243298223368,1.1248919972608344,1.1449486460935472,1.1651807646315375,1.1855748353354498,1.206117244838189,1.226794205081094,1.247591700082333,1.2684954281191307,1.2894907732122873,1.3105627920783398,1.3316962154579763,1.3528754648215158,1.3740846886542184,1.3953078112705966,1.4165285914182113,1.4377306905147533,1.4588977572998998,1.4800135032158293,1.501061789653464,1.5220267144220976,1.5428926953050237,1.5636445440412345,1.5842675504813777,1.604747542505672,1.6250709495609728,1.645224852772086,1.6651970343273577,1.6849760076958142,1.704551046643679
0.7000000000000001,0.7004411167930503,0.7017782629661554,0.7040011959513485,0.7071015626343231,0.7110678831975863,0.7158857685401463,0.7215381576424642,0.7280056155826643,0.7352666292989278,0.7432979510583053,0.7520748933409223,0.7615716859140639,0.771761750816574,0.782618010035429,0.7941131400297988,0.806219814775255,0.8189109115663578,0.832159688002148,0.8459399387425068,0.8602261114783932,0.8749934254761905,0.8902179044941194,0.9058764693134721,0.9219469507833721,0.9384080996283318,0.9552395996119322,0.9724220300991582,0.9899368462659558,1.0077663268404782,1.0258935229033732,1.0443021754363417,1.0629766569820527,1.0819018686679385,1.1010631502638122,1.1204461869540379,1.1400369102584282,1.159821395424293,1.1797857749775096,1.199916146878373,1.2201984972750557,1.240618642744284,1.2611621589668311,1.2818143606857064,1.3025602699781356,1.3233846097251574,1.3442718157175717,1.3652060558243417,1.386171271789186,1.4071512294605892,1.4281295778654637,1.4490899171565297,1.4700158829768748,1.4908912158539702,1.5116998484449669,1.5324259843325048,1.5530541788526806,1.5735694084243017,1.593957147677832,1.614203425496481,1.6342948825775305,1.6542188253424233,1.6739632523129258,1.693516899446351,1.7128692571722965
0.7250000000000001,0.7254255528084469,0.7267167295067216,0.728863607593407,0.7318586568832511,0.7356915175891509,0.7403491798951827,0.7458161888208338,0.7520748955356851,0.7591057177585737,0.7668874224833122,0.7753973947382807,0.7846119464741368,0.794506560383598,0.8050561618273365,0.8162353532381748,0.8280186328838082,0.8403805935894091,0.8532960741806183,0.866740324923434,0.8806891195237435,0.8951188425494011,0.9100065894767264,0.9253301977471119,0.9410682957247984,0.9572003176625133,0.9737065094963137,0.9905679097737394,1.0077663285507392,1.025284303503462,1.0431050506149802,1.0612123906921733,1.0795906940515445,1.0982247894111354,1.1170998703680675,1.136201420227531,1.155515115760685,1.175026735766561,1.194722081833899,1.2145868986654842,1.2346068022102434,1.2547672498561309,1.275053443496518,1.2954503538161721,1.3159426793098172,1.336514851010516,1.3571510494579428,1.377835229817143,1.3985511655920633,1.4192825039601404,1.4400128187835235,1.4607256841294582,1.4814047532027341,1.5020338256450843,1.5225969306371732,1.5430784016539556,1.563462951931198,1.583735741573909,1.6038824444323085,1.6238893045263956,1.6437431885055405,1.6634316251334547,1.6829428486842968,1.702265819683494,1.7213902488824455
0.7500000000000001,0.7504110126824519,0.7516592718134173,0.7537351084842306,0.7566317121770848,0.7603397044578851,0.7648472815729966,0.7701404045983367,0.7762030035448637,0.7830172067211667,0.7905635764844711,0.7988213661651937,0.8077687544355889,0.8173830981524883,0.8276411525047911,0.8385192914427287,0.8499937068727297,0.8620405783197468,0.8746362484687261,0.887757340560779,0.9013808869701745,0.915484424008146,0.9300460592239378,0.945044536884753,0.9604592749188401,0.9762703869089407,0.9924586836383,1.009005670975218,1.0258935235557949,1.0431050500606158,1.0606236415833463,1.0784332220545085,1.09651817107995,1.114863252821129,1.133453545952193,1.15227434865125,1.1713111041482003,1.190549322681553,1.2099745019450614,1.2295720638492742,1.249327303457734,1.2692253092498618,1.289250993341493,1.3093890068383274,1.3296237661347363,1.3499394532709035,1.3703200333209582,1.390749291581,1.4112108755970747,1.4316883448717714,1.4521652397194758,1.4726251457303723,1.4930517585686633,1.513428968101262,1.5337409250852527,1.5539721160361735,1.5741074312674916,1.5941322320354092,1.6140324066712797,1.633794426206175,1.6534053906866455,1.6728530678578843,1.6921259257764503,1.7112131571132705,1.730104698089774
0.775,0.7753973984337408,0.776605496268135,0.7786148285909602,0.781419213838627,0.785010129286629,0.7893768428706289,0.7945065640906624,0.8003846188996417,0.8069946614567417,0.8143188577414298,0.8223381375673539,0.8310323698237329,0.840380606422683,0.8503612785195042,0.8609523888718295,0.8721316909443753,0.8838768546340001,0.8961656167090569,0.9089759059633389,0.9222859549858555,0.9360743815377679,0.9503202901171893,0.9650033010613185,0.9801035995577763,0.9956019684905234,1.0114797790825114,1.0277190028721828,1.0443021807106867,1.0612123937647484,1.0784332216202066,1.0959486946854542,1.1137432146349238,1.1318015053288943,1.1501085350564846,1.1686494417608844,1.1874094598243994,1.206373850933104,1.2255278418987092,1.2448565648831755,1.2643450109293828,1.2839779868192958,1.3037401053838802,1.3236157576128122,1.34358911951164,1.3636441640428594,1.3837646881503687,1.4039343469628418,1.4241366994722489,1.444355263176302,1.464573575997792,1.484775264681725,1.504944104660002,1.525064099558878,1.5451195481213644,1.5650951112975942,1.58497587613316,1.604747420025437,1.6243958593756689,1.6439079044039635,1.6632708985128049,1.6824728510705944,1.7015024740058944,1.720349195274742,1.7390031773061567
0.8,0.8003846225491944,0.8015550612969234,0.8035020036190591,0.8062198244900131,0.8097007611303482,0.8139350216800045,0.8189109224164743,0.8246150371346018,0.831032371247968,0.8381465392060188,0.84593996819508,0.8543940618413403,0.8634894144906269,0.8732059842649624,0.8835232679545303,0.8944204646524566,0.9058766258951865,0.9178707971246648,0.9303821290006569,0.9433899851029064,0.9568740381287281,0.970814320861465,0.985191301673753,0.9999859138619837,1.0151795840016107,1.0307542357025916,1.0466922943583494,1.062976664065843,1.0795907003270737,1.0965181712856507,1.1137432156599079,1.1312502723312288,1.1490240315444797,1.167049371532166,1.185311285833778,1.2037948227403623,1.2224850261056244,1.2413668790609969,1.2604252561865334,1.2796448834640635,1.2990103242425572,1.318505933932138,1.3381158838469338,1.3578241542186988,1.3776145544418343,1.3974707529600785,1.4173763168845182,1.4373147588149222,1.4572695888170357,1.4772243806089886,1.4971628329123567,1.5170688307704152,1.5369265195514488,1.556720368190853,1.576435232225807,1.5960564134596864,1.6155697205686825,1.63496151091773,1.6542187428182842,1.6733290098819078,1.692280575763441,1.711062394305715,1.7296641332146256,1.748076184569163
0.8250000000000001,0.8253726096918979,0.8265076630815519,0.8283959624636573,0.8310323721054742,0.8344098054628187,0.8385193023175135,0.8433501643046222,0.8488900771096586,0.8551252554845118,0.8620406139848434,0.8696199306822524,0.8778459950945567,0.8867008071172547,0.8961657154668986,0.9062215903268577,0.9168489618750345,0.9280281704556317,0.9397394734203125,0.951963170973006,0.9646797008515653,0.9778697033921454,0.9915141246375778,1.0055942333760708,1.0200916788971492,1.0349885055852293,1.0502671723232408,1.0659105437364798,1.0819018759430619,1.0982247958732814,1.114863256329408,1.131801508716132,1.1490240326887298,1.166515502197644,1.184260713932603,1.2022445389768586,1.2204518623630038,1.23886753865106,1.2574763368725055,1.2762629101777232,1.295211759683952,1.3143072356671635,1.3335334879185607,1.3528745086808776,1.3723141248108066,1.391836027046957,1.411423796984664,1.431060955358504,1.450731005741968,1.4704174923241062,1.4901040542840547,1.5097744956113972,1.5294128383216905,1.5490033960742808,1.5685308288238982,1.587980206526561,1.6073370632987303,1.626587448615315,1.6457179758463918,1.664715859405212,1.6835689525337234,1.7022657697588324,1.720795518997804,1.739148107402918,1.7573141565019683
0.8500000000000001,0.850361291609994,0.8514630346179484,0.853296110430164,0.8558558222442161,0.8591356738693247,0.8631274543951764,0.8678213416818965,0.8732060139745771,0.8792687764314101,0.8859957060360838,0.8933717999324464,0.9013811066606835,0.9100068933845453,0.9192317891914178,0.9290379207744514,0.9394070459836618,0.9503206952792349,0.9617602574966375,0.9737071040674566,0.9861426703183472,0.9990485381661505,1.0124064851993841,1.0261985483885283,1.040407055860989,1.0550146467868156,1.070004284290549,1.0853592565631662,1.101063160467342,1.1170998784811104,1.1334535511547035,1.1501085404555311,1.1670493739539887,1.1842607155561065,1.2017272991440735,1.219433891925374,1.2373652408272615,1.2555060349132212,1.273840866570773,1.2923542013296119,1.3110303643016252,1.329853502946048,1.3488076346045785,1.367876605394863,1.3870441338585924,1.4062938311422597,1.4256092375455645,1.444973866935751,1.4643712526647725,1.4837850061229922,1.503198867372924,1.5225967746011388,1.5419629147510063,1.561281790141256,1.5805382754636987,1.5997176719182424,1.6188057589916078,1.6377888435073347,1.656653800581441,1.675388109837579,1.693979886916699,1.7124179100016252,1.7306916349605939,1.7487912128122476,1.7667074952773822
0.8750000000000001,0.8753506098956979,0.8764209384042106,0.8782019221405701,0.8806892471146289,0.8838769532929004,0.8877574919172929,0.8923218277474214,0.8975595240232892,0.9034588672595661,0.9100069773550564,0.917189951229086,0.9249929760501873,0.9334004813599893,0.9423962556326552,0.9519635837571371,0.9620853586470783,0.9727441949249106,0.9839225435787794,0.9956027718785863,1.0077672533206312,1.020398420691589,1.0334788625803308,1.0469913309083763,1.0609187904772694,1.075244443268502,1.089951731270241,1.1050243437451057,1.1204461988543954,1.136201430855397,1.152274356415677,1.1686494488517505,1.185311292115955,1.2022445423054762,1.21943389296519,1.2368640255774472,1.2545195738672963,1.2723850930866962,1.2904450278506254,1.3086836954271532,1.3270852712774839,1.3456337765008117,1.364313103120406,1.3831070070916915,1.4019991392927238,1.4209730767776134,1.440012357798545,1.459100528122822,1.4782211890290653,1.497358048954479,1.5164949848425096,1.5356160947524626,1.5547057555521537,1.573748682645669,1.592729981401355,1.6116352011154893,1.630450381039214,1.6491620948716812,1.6677574880321901,1.686224312348909,1.7045509530281404,1.722726445971114,1.740740505658168,1.758583524746339,1.7762465853408402
0.9,0.900340510429979,0.9013811663213416,0.9031129278932695,0.9055318310558523,0.9086323841322516,0.91240764384708,0.9168492665800698,0.9219476127765945,0.9276918439706716,0.9340700212398234,0.9410692370627984,0.9486757145454278,0.9568749357472582,0.9656517577445499,0.9749905192407198,0.9848751593905882,0.9952892997215457,1.0062163634021626,1.0176396401081982,1.0295423678220197,1.0419078028744064,1.0547192585563365,1.0679601622324935,1.0816140788610196,1.0956647346349646,1.1100960250291314,1.1248920126023638,1.1400369238543593,1.1555151278048112,1.171311114527221,1.187409468344338,1.203794830778313,1.220451868515306,1.2373652443201466,1.2545195753761318,1.2718994108828947,1.2894891991927224,1.3072732743585918,1.3252358394720343,1.3433609617979523,1.3616325761331534,1.3800344923858716,1.3985504168481928,1.4171639771265883,1.435858754903448,1.454618327601541,1.4734263088621933,1.4922664026641332,1.5111224503517149,1.52997849043651,1.5488188097381796,1.5676279973058909,1.586391000745274,1.6050931749334723,1.6237203302638514,1.642258778062208,1.6606953676588605,1.6790175228312216,1.6972132714927806,1.7152712694193735,1.7331808220294036,1.7509318932556688,1.768515119679435,1.7859218125904879
0.925,0.925330947185082,0.9263435292100338,0.9280287105584974,0.9303828366000048,0.9334008421459773,0.9370763077582561,0.9414015105537653,0.9463675190909837,0.951964288989266,0.9581807320336415,0.9650048474384509,0.9724237989318274,0.9804240327976012,0.9889913757949985,0.9981111351401017,1.0077682016439853,1.0179471294795932,1.0286322319990444,1.0398076521414734,1.0514574356562059,1.0635655709089373,1.0761160737754103,1.0890929898843673,1.1024804404185324,1.1162626432943255,1.1304239119766832,1.1449486633811787,1.1598214114180956,1.175026750044682,1.1905493349595886,1.2063738620479163,1.2224850356667896,1.2388675462777918,1.2555060408657344,1.2723850964615404,1.289489201305756,1.3068027307185062,1.3243099407378565,1.3419949584389108,1.3598417815154817,1.377834298998681,1.3959562801561929,1.414191423557077,1.43252337339346,1.4509357563526342,1.4694122249780743,1.487936498123584,1.506492414016492,1.5250639783546012,1.543635417310322,1.5621912307253996,1.5807162411367937,1.599195646349174,1.6176150658317405,1.635960584338571,1.6542187937766262,1.6723768287148337,1.6904223956293578,1.7083438031435234,1.7261299828519152,1.743770500767084,1.7612555799773026,1.778576096889026,1.7957235895581436
0.9500000000000001,0.9503218767193112,0.9513078589995201,0.952948893954767,0.9552415983156899,0.9581812680475713,0.9617619399097613,0.965976457064464,0.9708165454096629,0.9762728685756129,0.9823351300452238,0.9889921442217579,0.9962319289606751,1.0040418055052889,1.0124084825492337,1.021318149758886,1.0307565670050547,1.0407091408586118,1.0511610028116949,1.0620970781780041,1.073502147722977,1.0853608999437045,1.0976579730459013,1.110377992141876,1.123505596647131,1.1370254504981883,1.1509222647450352,1.1651807842934958,1.1797857926771935,1.19472209812266,1.2099745161815423,1.2255278552833073,1.2413668902823474,1.2574763464157648,1.2738408743672283,1.290445033707558,1.3072732781386158,1.3243099426314087,1.3415392385782536,1.358945254363102,1.3765119657493714,1.3942232286815115,1.4120628391567784,1.4300145188697477,1.4480619672625705,1.4661888945034478,1.4843790625796678,1.5026163295449007,1.5208846986585298,1.5391683669300529,1.5574517739682239,1.5757196542619425,1.593957082536533,1.6121495236280496,1.6302828741334963,1.648343504375979,1.6663182961392184,1.6841946718980032,1.7019606289542764,1.7196047581238143,1.7371162651330487,1.7544849848753052,1.7717013903110672,1.7887565986938787,1.8056423723302475
0.9750000000000001,0.9753132622985063,0.9762739998095128,0.9778730790634487,0.9801073152994558,0.9829723618943207,0.9864627189366453,0.9905717604412132,0.9952917977778518,1.000614146345127,1.0065292026368515,1.0130265193685983,1.0200948855066356,1.0277224093004464,1.0358966024880376,1.044604457306177,1.0538325234065373,1.0635669851542133,1.0737937205112422,1.0844983730241475,1.0956664016675708,1.1072831170474855,1.1193337493156124,1.1318034512926824,1.1446773352027855,1.157940486349077,1.1715779755957698,1.1855748570574642,1.1999161675034844,1.214586917261408,1.2295720807463502,1.2448565801988734,1.2604252692050568,1.2762629219499595,1.292354211132712,1.3086837032058705,1.3252358458636118,1.3419949625063499,1.3589452562957915,1.3760708131725607,1.3933556153984448,1.4107835513144025,1.4283384553558853,1.4460041198614386,1.4637643365106296,1.4816029325783953,1.4995038147741115,1.5174510107376158,1.5354287164899998,1.553421346229908,1.5714135754040954,1.5893903925384534,1.607337142087813,1.6252395684568337,1.6430838580734508,1.6608566755325866,1.6785451981247015,1.6961371444047655,1.7136208019236059,1.7309850465881857,1.7482193605332284,1.765313839777336,1.7822592121382181,1.7990468310705485,1.8156686798487816
1.0,1.0003046884546465,1.0012409901903325,1.002799767215187,1.0049781033942564,1.00777195568151,1.011176190395537,1.0151846286780801,1.0197900974087668,1.0249844840587987,1.0307588126352691,1.0371032935394369,1.044007415901166,1.0514600015794897,1.0594492877834187,1.0679629940322493,1.0769883894851173,1.0865123649257502,1.096521480935144,1.1070020328118708,1.117940101121685,1.1293215646957058,1.1411321958145801,1.1533576292156238,1.1659834149255803,1.1789950229806077,1.1923778601435162,1.2061172676379028,1.2201985218060651,1.2346068283414613,1.2493273176790416,1.2643450266393523,1.2796449011650173,1.2952117776129672,1.3110303714992497,1.3270852793664192,1.3433609704173624,1.359841790273081,1.3765119658656746,1.3933556156423683,1.4103567847352343,1.4274993744914883,1.4447673509319003,1.4621445933935633,1.4796150210330077,1.4971626124404136,1.5147714477320953,1.5324257530164094,1.5501099432746273,1.567808672821111,1.5855068736053992,1.6031898029710632,1.6208430919885912,1.638452776778336,1.6560053422947225,1.6734877546291695,1.690887492215342,1.7081925718419186,1.7253915748085575,1.7424736612829552,1.7594285904050004,1.7762467148893497,1.7929190174666463,1.8094370832834754,1.825793113343718
1.025,1.025291234876779,1.0262048809234139,1.0277257709648693,1.0298511781067008,1.0325773625338994,1.0358995621599705,1.0398120247319176,1.0443080559660805,1.0493800748539164,1.0550196690980442,1.0612176586089215,1.0679641572560192,1.0752486383298399,1.0830599952613507,1.091386607561583,1.1002164004961437,1.109536900051269,1.119335291256547,1.129598461969256,1.140313047124973,1.1514654757581746,1.1630419829718546,1.17502865591285,1.1874114439374235,1.2001761764195615,1.213308568931198,1.2267942313510494,1.2406186671712338,1.2547672728588746,1.2692253307232935,1.2839780064107358,1.2990103425345054,1.3143072516063004,1.3298535171504708,1.3456337886150935,1.3616325860848508,1.3778343071562311,1.39422323490802,1.4107835554058137,1.427499375110103,1.4443547519828988,1.4613337099177242,1.4784202853892063,1.495598556454424,1.5128526838255243,1.5301669499257693,1.5475258038237192,1.5649139042477649,1.5823161617333543,1.599717784899373,1.6171043192274264,1.6344616887360615,1.651776234019761,1.6690347453035113,1.6862244958201713,1.7033332689979295,1.7203493836126815,1.7372617125507241,1.754059700855282,1.7707333768093105,1.7872733649668413,1.803670882029987,1.8199177472392962,1.8360063761400103
1.05,1.0502737531402857,1.0511655013419516,1.0526500515596928,1.0547248673886715,1.0573864215067517,1.0606302351778043,1.0644509158812898,1.0688421911552566,1.0737969521061217,1.079307299549333,1.0853645984344384,1.0919595319846216,1.099082157824467,1.106721965757199,1.1148679318097894,1.1235085719371707,1.132631993206245,1.1422259415946519,1.1522778440545998,1.1627748483482465,1.1737038556567847,1.1850515514661122,1.19680442722281,1.2089487999102073,1.2214708280420183,1.2343565165791928,1.2475917287903417,1.2611621860479167,1.27505346859203,1.2892510167262552,1.303740127297271,1.3185059540326416,1.3335335058696658,1.3488076506894706,1.3643131176031993,1.3800345047581593,1.3959562902746085,1.4120628473037038,1.4283384615977643,1.4447673525269806,1.4613337118862553,1.4780217095764556,1.4948155519342399,1.51169950605054,1.5286579404211569,1.5456753664037717,1.562736479388302,1.5798262005697568,1.5969297183117197,1.6140325303216188,1.6311204815240168,1.6481798025356804,1.6651971435609707,1.682159607909314,1.699054779711963,1.7158707492797187,1.732596137175515,1.7492201088138732,1.7657323919872472,1.7821232863480019,1.7983836702200715,1.8145050052768812,1.8304793357649551,1.8462992862470538
1.075,1.0752505232278888,1.0761213047166247,1.0775710181940599,1.0795972928776882,1.0821968327669604,1.0853654395136234,1.0890980433468354,1.0933887421411421,1.0982308407211114,1.1036168944795195,1.1095387530226712,1.1159876089604943,1.1229540458892753,1.1304280879031876,1.138399248431421,1.1468565765132168,1.1557887029987064,1.165183880905737,1.1750300250614338,1.1853147448210948,1.1960253798745089,1.2071490165365242,1.2186725195736434,1.230582544890559,1.2428655532500241,1.255507823697332,1.2684954587932986,1.2818143897008254,1.2954503811087419,1.309389032663634,1.3236157814027911,1.3381159058010894,1.3528745287533268,1.3678766235422826,1.383107023404496,1.3985504310469206,1.4141914357619203,1.4300145290183182,1.4460041279847589,1.462144600786085,1.478420289426599,1.4948155538899832,1.5113147941655474,1.5279024924715923,1.5445632516618315,1.5612818331155496,1.5780431992014474,1.5948325513059602,1.6116353711619396,1.6284374584211343,1.6452249676756865,1.661984444202274,1.6787028554277394,1.6953676203767112,1.7119666370416662,1.728488304365442,1.744921542093886,1.7612558085685655,1.777481111209796,1.793588015843287,1.809567656148469,1.8254117288807614,1.8411125005208218,1.856662799710957
1.0999999999999999,1.1002187932653826,1.1010694522369053,1.1024857247040274,1.1044653825830386,1.1070053298937685,1.1101016186062922,1.113749478656457,1.1179433468461757,1.1226769015050726,1.1279431039272827,1.1337342362859542,1.140041944850099,1.1468572843089107,1.1541707560621575,1.16197235554664,1.17025161106039,1.1789976236630708,1.188199104554131,1.1978444083510635,1.207921564521334,1.2184183058339215,1.229322089474002,1.240620120212293,1.2522993667068578,1.26434657365756,1.276748276092842,1.2894908061910024,1.3025603004765862,1.315942708602414,1.3296237943028724,1.3435891449613582,1.3578241780447684,1.3723141473381255,1.3870441538100085,1.4019991578418438,1.4171639929512703,1.4325233875119372,1.448061979624775,1.4637643463771606,1.4796150293034576,1.4955985626908301,1.5116995099275814,1.5279024945074544,1.5441922383120958,1.5605536005658223,1.576971612340316,1.5934315203153597,1.6099188219792275,1.6264193044580733,1.6429190806057896,1.6594046229512651,1.675862797591746,1.6922808937770606,1.7086466488445742,1.7249482753785728,1.7411744802870714,1.7573144827589358,1.7733580298623401,1.789295405499246,1.8051174394751428,1.8208155119758462,1.8363815543800885,1.8518080486041606,1.8670880227701663
1.125,1.1251749878462953,1.126006283031717,1.1273903685752462,1.1293251446098296,1.1318076888362416,1.1348342789116428,1.138400407255396,1.1425008152371372,1.1471295190320672,1.152279844804131,1.1579444620652655,1.1641154250804577,1.170784206440079,1.1779417373308023,1.1855784431805678,1.1936842836500678,1.202248780972718,1.2112610585066108,1.220709868436711,1.2305836201505358,1.2408704049324093,1.2515580180007821,1.2626339777299895,1.274085542490936,1.2858997237114511,1.2980633010994822,1.3105628273740935,1.3233846431964849,1.3365148826030788,1.3499394831077616,1.3636441917695747,1.3776145798726962,1.3918360507799281,1.4062938528384592,1.4209730965376344,1.4358587735436206,1.4509357728406331,1.4661889088404523,1.4816029447602617,1.497162621848831,1.5128526917777487,1.5286579462902654,1.5445632554729032,1.5605536023753286,1.5766141194841863,1.5927301282204247,1.6088871724580265,1.625071058573633,1.6412678905202767,1.6574641021019858,1.6736464900703343,1.6898022468145697,1.7059189841847815,1.7219847607311152,1.7379881025541157,1.753918024000564,1.7697640405282382,1.785516184319057,1.8011650121139418,1.8167016120657336,1.8321176085669706,1.8474051597464798,1.862556958693352,1.8775662272537719
1.15,1.1501145940666708,1.1509272023276484,1.152280220022192,1.15417166036989,1.1565987585788948,1.1595579873013881,1.1630450767112692,1.167055036690871,1.1715821840573308,1.1766201709728867,1.1821620161786779,1.1882001364331867,1.194726380755843,1.2017320634367468,1.2092079972839482,1.217144524894013,1.2255315499217354,1.2343585665686208,1.2436146864639233,1.2532886632726834,1.2633689158168997,1.2738435492903297,1.2847003728090778,1.2959269155122635,1.3075104416294818,1.3194379633744668,1.3316962523102562,1.3442718506880542,1.3571510826161992,1.3703200647608575,1.3837647179898087,1.3974707809900824,1.4114238228069316,1.4256092614374387,1.4400123798187439,1.454618347586233,1.4694122429181844,1.4843790784774684,1.4995038288200129,1.5147714584924035,1.530166959727077,1.5456753742152436,1.5612818390115821,1.5769716161364922,1.5927301299579586,1.608543003343046,1.624396092442207,1.6402755227882317,1.6561677213257409,1.6720594509365505,1.6879378377476646,1.7037904014049379,1.7196050793315072,1.7353702497444308,1.7510747519627505,1.7667079037064428,1.7822595144325888,1.7977198972733857,1.8130798771297267,1.8283307960310897,1.8434645149125435,1.858473415465811,1.8733503957272655,1.8880888662200068
1.175,1.1750320637178473,1.1758265849539051,1.1771495251337283,1.1789989988945093,1.1813723804064462,1.1842663177802737,1.187676749554243,1.1915989256067625,1.1960274293768407,1.2009562036154728,1.2063785765473733,1.2122872906978557,1.2186745312214,1.2255319558672768,1.2328507234071666,1.240621522748249,1.248834599603921,1.2574797833697648,1.2665465110011604,1.2760238503438406,1.2859005213407702,1.296164914753991,1.3068051105699368,1.3178088938896864,1.3291637699037546,1.3408569776925834,1.3528755032212072,1.3652060926930865,1.37783526479618,1.3907493250442866,1.4039343783723868,1.417376346592052,1.4310609830299443,1.4449738927213231,1.4591005517859776,1.4734263307973305,1.4879365179272284,1.5026163473392051,1.5174510264848662,1.5324257675188675,1.5475258155254297,1.5627364890601714,1.5780432068838408,1.5934315261254226,1.6088871761177554,1.6243960942819626,1.6399444583277476,1.6555187206949693,1.67110563944631,1.6866923094167088,1.7022661884792865,1.7178151260074483,1.7333273838713714,1.748791659194304,1.7641971015792164,1.7795333291209972,1.7947904408695903,1.8099590262037915,1.8250301729305114,1.8399954704661228,1.8548470138081152,1.869577399234906,1.8841797249662657,1.8986475841301742
1.2,1.1999207410421517,1.2006977017691143,1.201991434720856,1.2038001441826094,1.206121327255573,1.2089517880968577,1.2122876505209017,1.2161243752927344,1.2204567882469035,1.225279084869693,1.2305848710763632,1.236367179622067,1.242618495797732,1.2493307853919047,1.2564955181234179,1.2641036951446767,1.2721458688633998,1.2806121749831196,1.289492346444821,1.2987757392832562,1.3084513500912456,1.3185078370353305,1.328933534665691,1.3397164701643187,1.350844385642324,1.3623047381854412,1.3740847289499882,1.3861713108088816,1.3985512032747254,1.4112109099643142,1.424136732299694,1.4373147901646395,1.450731035543454,1.464371280851828,1.4782212138497401,1.4922664258793095,1.5064924355283242,1.520884718410949,1.5354287344273216,1.5501099585179106,1.5649139174422513,1.5798262119605526,1.5948325608664073,1.6099188296949947,1.625071064395059,1.640275526281124,1.6555187224364285,1.670787438958599,1.686068767544552,1.7013501393647092,1.7166193448074525,1.7318645625160296,1.7470743777141247,1.762237803706041,1.7773442969066178,1.792383771135634,1.8073466118117612,1.82222367775408,1.8370063143667248,1.851686353988585,1.8662561161185611,1.8807084092587916,1.8950365246268628,1.909234232821803
1.225,1.2247728182805373,1.2255326774242596,1.2267979611570596,1.2285669529064527,1.2308372596992754,1.2336058231714173,1.236868931891955,1.240622237334045,1.2448607706267882,1.249578962335713,1.254770662365587,1.2604291621862849,1.2665472164952478,1.2731170665293907,1.2801304622050287,1.2875786853037992,1.2954525709629898,1.3037425297142045,1.3124385675141195,1.3215303060336723,1.3310070009949573,1.3408575603765516,1.3510705611976037,1.3616342664105339,1.3725366401399506,1.383765364224826,1.3953078529156335,1.4071512695035626,1.419282542214335,1.4316883815852544,1.4443552979176568,1.4572696217537855,1.4704175233584136,1.4837850353194177,1.4973580760809235,1.511122475575836,1.5250640015907866,1.5391683882244347,1.5534213654555957,1.567808689876321,1.5823161769493783,1.596929731576136,1.6116353824002883,1.6264193137003256,1.6412678978354898,1.6561677268124733,1.671105643041951,1.6860687692638243,1.701044536480901,1.7160207101486773,1.7309854140952343,1.7459271544075872,1.7608348378089282,1.7756977896256965,1.79050576916266,1.8052489825384521,1.8199180916613897,1.834504223458386,1.8489989736101295,1.863394409973162,1.8776830739215833,1.8918579766118853,1.9059125976086895,1.919840878412874
1.25,1.2495793249616678,1.2503224791156942,1.2515599689735755,1.2532901478074123,1.2555107201916271,1.2582187491285775,1.2614106708195554,1.2650823039388728,1.2692288673606509,1.2738449938124883,1.2789247606480059,1.2844616831222588,1.2904487598928,1.296878480455083,1.3037428485725016,1.3110334001575488,1.318741227279635,1.326856994506052,1.335370959884122,1.3442729935352935,1.3535525906756138,1.3631989005574834,1.3732007319794561,1.3835465750252056,1.3942246174348447,1.4052227595118523,1.416528633742872,1.4281296184444892,1.440012857553163,1.452165276762701,1.464573613382307,1.4772244159631955,1.4901040876860845,1.5031988987592415,1.5164950141522946,1.5299785176955742,1.543635442462475,1.5574517970606958,1.571413596393191,1.585506892087087,1.5997178017562614,1.6140325451719115,1.628437471232128,1.642919091471737,1.6574641109949149,1.672059457956524,1.6866923145449415,1.7013501425733168,1.716020711689465,1.7306921213838757,1.7453528315534816,1.759991668704427,1.774597858225642,1.7891610340131552,1.80367125337746,1.8181190075994855,1.8324952326098067,1.8467913143535666,1.8609990936068532,1.8751108688204519,1.8891193923775724,1.9030178765821792,1.9167999819668522,1.9304598155135309
1.275,1.2743301494810362,1.2750569395691889,1.2762671976076914,1.277959339810034,1.2801311565589732,1.2827798209039014,1.285901897826696,1.2894933565734237,1.2935495833869273,1.2980653968798226,1.3030350633645376,1.308452314344913,1.3143103635009064,1.3206019253659893,1.3273192330792056,1.3344540574366512,1.3419977247072623,1.3499411354753723,1.3582747820638479,1.3669887668336302,1.3760728190784035,1.3855163127300294,1.3953082828742722,1.4054374432114265,1.415892202563495,1.4266606826075114,1.4377307350213202,1.4490899601196525,1.460725725312638,1.472625185245474,1.4847753023957242,1.49716286894273,1.5097745296643268,1.5225968068443558,1.5356161250096418,1.548818838131842,1.5621912571110868,1.5757196787251828,1.589390414990442,1.6031898238277558,1.6171043377103609,1.6311204980672633,1.64522498223758,1.659404635591876,1.6736465007950596,1.687937846587174,1.7022661954705824,1.71661935009712,1.7309854175025072,1.7453528331046066,1.7597103813194268,1.7740472139767416,1.7883528684420136,1.8026172816897923,1.8168308030682798,1.830984204438438,1.845068688377879,1.8590758938562855,1.8729979000978565,1.8868272279334908,1.9005568403033513,1.9141801385971866,1.9276909602431949,1.941083572479354
1.3,1.2990140949137066,1.2997248116089277,1.3009083181220797,1.3025630858970014,1.3046869836495156,1.3072772803529817,1.3103306578608438,1.3138432197133463,1.317810502032753,1.3222274886998844,1.3270886234418036,1.3323878258246045,1.3381185085285225,1.344273589873862,1.350845514378142,1.357826268236727,1.3652073955504682,1.372980017459324,1.3811348472336342,1.389662208203771,1.3985520521492023,1.4077939727268145,1.417377226155647,1.4272907470641851,1.4375231652226386,1.4480628252700847,1.4588978033299052,1.4700159268536386,1.481404795719931,1.4930517996875237,1.5049441435070696,1.5170688681633608,1.5294128741663007,1.5419629482372792,1.5547057874379366,1.5676280269350586,1.580716268981468,1.5939571086560134,1.6073371658847289,1.6208431141284343,1.634461708982965,1.6481798205477327,1.6619844604192737,1.6758628119197205,1.6898022591394861,1.7037904119355531,1.717815134545407,1.731864569378379,1.7459271595166481,1.7599916718890287,1.7740472156275513,1.7880832596349845,1.8020896497663852,1.8160566201184976,1.8299748063590262,1.8438352541731766,1.8576294264865598,1.8713492088784074,1.8849869122707685,1.898535274470417,1.9119874594328083,1.9253370547163913,1.938578067667892,1.9517049201233403
1.325,1.3236189641059233,1.3243138550485705,1.3254710188630165,1.327088977353112,1.329165666922056,1.3316984452790757,1.3346840985462742,1.3381188510134014,1.3419983750505533,1.346317803386192,1.3510717412541982,1.3562542805930795,1.3618590138197817,1.3678790493534798,1.374307026454856,1.3811351315663842,1.3883551137804602,1.3959583016434078,1.4039356190018475,1.4122776021190726,1.4209744158546538,1.4300158711345952,1.439391441605516,1.449090281688492,1.4591012440146855,1.4694128983664816,1.4800135502960639,1.490891261405923,1.5020338694480626,1.513429010296929,1.5250641399548968,1.536926558250362,1.5490034328913935,1.5612818251723959,1.5737487157292118,1.5863910320081225,1.5991956756216896,1.6121495510319501,1.6252395938620856,1.6384528002289613,1.65177625553314,1.6651971631825264,1.678702873074181,1.6922809095596203,1.705918998065764,1.719605091359417,1.7333273940437643,1.7470743861133065,1.7608348444218584,1.7745978630597827,1.7883528716633226,1.802089651364478,1.8157983496870453,1.829469492920632,1.843093996305725,1.8566631725735927,1.8701687387398607,1.883602819756377,1.8969579518277346,1.9102270829754164,1.9234035723653606,1.9364811871459293,1.9494540990921125,1.9623168790085732
1.35,1.3481316727823907,1.3488109489300768,1.3499421187467049,1.3515237486591056,1.3535538376207226,1.3560298222763028,1.3589485841298745,1.362306456897191,1.3660992368136133,1.3703221929028906,1.3749700788097672,1.3800371443711132,1.3855171496448186,1.39140337844387,1.3976886529763368,1.4043653478355806,1.4114254060547644,1.4188603543905856,1.4266613194756925,1.4348190432113357,1.4433239001087323,1.4521659139173932,1.4613347751828436,1.4708198582441834,1.480610240327034,1.490694720214486,1.5010618380979728,1.5116998951874012,1.5225969756387239,1.5337409683041807,1.5451195899306116,1.5567204081313388,1.5685308668765772,1.5805383116513174,1.5927300159603845,1.6050932075042335,1.6176150964319873,1.6302829028008659,1.6430838849784815,1.6560053670732533,1.669034768228142,1.6821596289014624,1.69536763956216,1.7086466660739155,1.7219847760898626,1.7353702632268482,1.7487916709176725,1.7622378135962753,1.7756977977567203,1.7891610403709806,1.8026172864684802,1.8160566232315536,1.8294694944525762,1.8428467113815015,1.856179462579365,1.869459321029824,1.882678250305393,1.8958286086493634,1.9089031507784993,1.9218950285481988,1.934797789280151,1.9476053745873547,1.9603121149139389,1.9729127247173945
1.375,1.3725383834324605,1.3732022262145274,1.3743077009322922,1.3758534155033844,1.3778374251022276,1.3802572404623161,1.3831098278905036,1.3863916229140367,1.3900985354878324,1.3942259610376735,1.3987687891146274,1.4037214181907343,1.409077764567245,1.414831277237403,1.4209749500567528,1.4275013390773519,1.434402571181868,1.4416703650806963,1.449296043569522,1.4572705508059396,1.4655844668826556,1.4742280278481603,1.4831911399986941,1.4924633996817251,1.5020341106372352,1.5118923062710263,1.5220267641867373,1.5324260324158296,1.5430784480052921,1.5539721606154837,1.5650951540786129,1.5764352731629798,1.58798024560728,1.5997177091122847,1.611635236412065,1.6237203644243796,1.6359606165175067,1.6483435345711575,1.6608567037558413,1.6734877810029158,1.6862245201031514,1.6990548020424658,1.7119666574486774,1.7249482938897116,1.7379881192208007,1.7510747670430094,1.7641971148186493,1.7773443082962692,1.790505778815935,1.8036712612637797,1.8168308093091778,1.8299748109770557,1.8430939993169284,1.8561794640292464,1.869222659388285,1.8822154127906823,1.895149926923335,1.9080187863473046,1.920814957564112,1.9335317898083673,1.9461630132480239,1.9587027372995065,1.971145445678032,1.9834859916426713
1.4,1.3968246569827607,1.3974732237861518,1.3985532639057108,1.4000634232125295,1.402001809532667,1.4043659990655006,1.407153040137998,1.410359461956262,1.4139812784086214,1.41801400435657,1.4224526581047907,1.427291776201747,1.4325254230417797,1.4381472049716115,1.444150281303333,1.4505273775924656,1.4572708062911541,1.464372467499501,1.471823878091688,1.4796161809035573,1.4877401613438794,1.4961862660820258,1.504944618776125,1.5140050399795033,1.5233570622721826,1.5329899564326024,1.5428927450790588,1.5530542273770236,1.5634629991581983,1.574107477136149,1.5849759205918046,1.5960564552111711,1.6073371033511614,1.6188057975260672,1.6304504179948087,1.6422588134025056,1.6542188274502807,1.6663183270390538,1.6785452273547055,1.690887519782317,1.7033332947888116,1.71587077331448,1.7284883259316015,1.7411745001408545,1.7539180421148428,1.7667079201120404,1.7795333438061494,1.7923837837827987,1.805248993480437,1.818119016889592,1.8309842121414486,1.84383526029293,1.856663177138948,1.8694593239175537,1.882215414190316,1.8949235213464453,1.9075760808133362,1.9201658972516822,1.9326861420441335,1.9451303556122486,1.957492444464294,1.969766680664411,1.9819476957709883,1.9940304764003731
1.425,1.4209756142802206,1.4216090450404189,1.422663882044109,1.4241388062714562,1.426031974960889,1.428341026292477,1.4310630841140133,1.43419476481929,1.4377321841793462,1.4416709662162754,1.4460062519263455,1.45073270992688,1.4558445468516248,1.4613355195591369,1.467198947007801,1.4734277238557447,1.4800143336768743,1.486950863844592,1.494229020019028,1.501840142277411,1.5097752208750934,1.5180249136491144,1.5265795631012629,1.5354292151516942,1.5445636376229317,1.5539723404160128,1.5636445954620526,1.5735694583633661,1.5837357898284785,1.5941322787390075,1.6047474649976823,1.615569763890034,1.6265874901325768,1.6377888833090042,1.649162132787388,1.660695403834003,1.6723768629987694,1.6841947043779342,1.6961371749783423,1.7081926005776233,1.7203494104474237,1.7325961621858856,1.7449215652152126,1.7573145040556484,1.7697640599701288,1.7822595321075734,1.7947904567418316,1.8073466259676276,1.8199181040627064,1.8324952433227764,1.8450686974431554,1.8576294339305826,1.87016874461829,1.8826782546594532,1.8951499297558976,1.9075760822034915,1.919949374717297,1.9322628233979795,1.9445097988182412,1.9566840260440403,1.9687795830551569,1.9807908980930977,1.9927127458395746,2.004540242701256
1.45,1.444976104144198,1.4455945266316836,1.4466243724728354,1.4480643555145403,1.4499126794237978,1.4521670413003032,1.4548246368732938,1.4578821656767311,1.4613358387845239,1.465181386442233,1.4694140671227465,1.4740286764114412,1.479019558265072,1.4843806160192148,1.4901053246606117,1.4961867428154363,1.5026175269658324,1.5093899453427548,1.516495893004428,1.5239269066160623,1.5316741813990336,1.5397285877830666,1.5480806892475463,1.5567207599249662,1.5656388043572371,1.5748245770144593,1.584267603001651,1.5939571985617418,1.603882493640034,1.6140324541804774,1.6243959054854078,1.6349615552434904,1.6457180183607019,1.656653841306379,1.6677575271660852,1.67901756008827,1.6904224309955476,1.7019606624626133,1.7136208337376582,1.7253916046836366,1.7372617405552406,1.7492201349524263,1.761255832982209,1.773358052411836,1.7855162050153432,1.7977199161728596,1.8099590434106618,1.8222236932000642,1.8345042371671272,1.8467913263661193,1.8590759042814893,1.8713492176881614,1.8836028269777993,1.8958286143406704,1.9080187905624986,1.9201658999919713,1.932262824754916,1.9443027868505651,1.9562793495211468,1.9681864166046255,1.9800182309441234,1.9917693726262073,2.0034347543686932,2.0150096170661205
1.475,1.468810870573226,1.4694144059577217,1.4704194608692192,1.4718247813250376,1.473628615137241,1.4758287160962382,1.4784223481392986,1.4814062915305697,1.4847768489759847,1.4885298536849638,1.4926606773103217,1.4971642397646356,1.502035018860868,1.5072670617635457,1.5128539962216634,1.5187890435579308,1.5250650314146295,1.531674408217251,1.5386092573882528,1.5458613132542014,1.5534219767122919,1.5612823325754666,1.5694331666918384,1.5778649847264261,1.5865680307289074,1.5955323073340049,1.60474759574065,1.6142034772663834,1.623889354644739,1.6337944748004285,1.6439079512924524,1.6542187880918222,1.6647159029085863,1.6753881516625142,1.686224352341425,1.6972133097726045,1.7083438395780728,1.7196047927815983,1.7309850793851258,1.7424736923328497,1.7540597300057013,1.7657324193371613,1.7774811367160577,1.789295429228029,1.8011650340287506,1.8130798972920252,1.8250301913253657,1.8370063310564073,1.8489989885903106,1.8609991069317935,1.8729979117813114,1.884986922364247,1.8969579603580908,1.9089031577885962,1.9208149630812874,1.9326861461561937,1.944509801500138,1.9562793508375884,1.9679885435071316,1.9796314564097017,1.9912024923425036,2.002696377550842,2.0141081580470366,2.0254331952037883
1.5,1.4924647166837681,1.4930534831980213,1.494033943853383,1.4954048749927242,1.4971645686302422,1.4993108314559718,1.5018409950817022,1.50475191772878,1.5080399911156717,1.51170115022126,1.5157308748052676,1.5201242090482001,1.5248757628029543,1.5299797240564497,1.5354298728645646,1.5412195912217264,1.5473418778142973,1.5537893611213207,1.5605543135290925,1.5676286597398355,1.5750040309940392,1.5826717048613894,1.5906226997930537,1.5988477552018028,1.60733735737789,1.6160817595900718,1.6250710030377862,1.6342949362503518,1.64374323876119,1.6534054409981058,1.6632709454193904,1.6733290566886398,1.683568995994266,1.6939799301134957,1.7045509929732938,1.715271308934517,1.7261300192352544,1.7371163009214294,1.7482193933414532,1.7594286224776672,1.7707334079701227,1.7821233147069777,1.7935880431770896,1.8051174641926153,1.8167016356499046,1.8283308171831336,1.8399954904107374,1.8516863716798087,1.8633944264107605,1.875110883186941,1.8868272410098461,1.8985352856524573,1.910227092851074,1.9218950366765244,1.9335317966506955,1.9451303608604058,1.9566840300221364,1.9681864191056953,1.9796314576935508,1.9910133860940082,2.0023267734478027,2.0135664756350202,2.0247276714462,2.035805838634633
1.525,1.5159226593227584,1.5164967766348807,1.5174528419765043,1.518789662031108,1.5205055692683862,1.5225984258247343,1.525065627355197,1.5279041087945864,1.5311103500639764,1.534680383647823,1.538609802086439,1.5428937672964893,1.5475270197782163,1.552503889608634,1.5578183072981746,1.563463816394675,1.56943358593518,1.5757204246106267,1.5823167947689118,1.5892148280985372,1.5964063411436917,1.6038828524638808,1.611635599614273,1.6196555577250058,1.6279334578768316,1.6364598070109166,1.6452249075915801,1.6542188787112948,1.6634316768771522,1.6728531181152697,1.6824728996529648,1.6922806227589973,1.7022658150278513,1.712417953622584,1.7227264878021387,1.733180862186981,1.7437705391140557,1.7544850214987437,1.7653138745821737,1.7762467479430826,1.7872733961940228,1.7983836997039158,1.809567683823988,1.8208155379148783,1.832117632720719,1.8434645373573457,1.8548470345188592,1.866256135142443,1.8776830912685771,1.8891194081072453,1.9005568544078313,1.911987471976009,1.9234035833540437,1.9347977987727,1.9461630212612444,1.9574924510537344,1.9687795882414387,1.9800182347815842,1.9912024948577083,2.002326774689305,2.0133857808212,2.0243745179776003,2.0352882855201497,2.046122673581742
1.55,1.539170073280217,1.5397296654683443,1.5406615422874799,1.5419645395572674,1.543637031071114,1.5456769316576058,1.5480817016445823,1.550848351292431,1.5539734475548859,1.5574531207808675,1.5612830727638896,1.565458584719852,1.5699745275174912,1.5748253718052592,1.5800051994222448,1.5855077147026935,1.5913262579529528,1.5974538187921465,1.6038830507165294,1.6106062855322918,1.6176155498723364,1.6249025815431464,1.6324588470176966,1.6402755587521036,1.6483436944539605,1.6566540161034577,1.665197089979573,1.6739633063954624,1.682942901160109,1.6921259766250065,1.7015025234873693,1.711062442080199,1.720795565045064,1.7306916793094476,1.7407405484578367,1.7509319342689522,1.7612556191894542,1.7717014277507237,1.7822592479557637,1.7929190514563802,1.8036709142168152,1.814505035687418,1.8254117576305957,1.8363815813431457,1.8474051849411546,1.858473438935278,1.8695774210689735,1.8807084293967817,1.8918579950711938,1.9030178934057507,1.9141801538697303,1.925337068404163,1.9364811992924678,1.9476053852339241,1.9587027465095956,1.9697666884306961,1.9807909044665724,1.991769377650022,2.002696381269763,2.0135664780267026,2.024374519174134,2.035115641661516,2.045785265583236,2.056379089736329
1.575,1.5621928206800142,1.5627380193288167,1.563645926110333,1.5649154064283755,1.5665448748079913,1.5685322985894905,1.5708752016057497,1.5735706696878198,1.5766153561400251,1.5800054890175534,1.5837368783580512,1.5878049251853479,1.5922046304497393,1.5969306057095263,1.6019770837315785,1.6073379307987075,1.6130066589205792,1.6189764397139557,1.6252401181685412,1.6317902280391217,1.6386190070996232,1.6457184139782066,1.653080144803177,1.6606956513800546,1.668556159131704,1.6766526864640054,1.6849760638437774,1.6935169541814645,1.7022658728381117,1.7112132087955703,1.720349245335299,1.729664181716746,1.739148154221926,1.7487912580130194,1.7585835681971647,1.7685151614969223,1.7785761369603912,1.7887566370614612,1.7990468676648745,1.8094371181609366,1.8199177803466797,1.8304793671662882,1.8411125301495603,1.8518080765423246,1.862556984885893,1.8733504202482214,1.8841797477864695,1.8950365458087877,1.9059126171345644,1.9167999998995668,1.9276909765791796,1.9385780824663288,1.9494541123584443,1.9603121266984596,1.971145456002967,1.9819477046743215,1.9927127533619289,2.003434760547124,2.0141081629140722,2.0247276750490872,2.035288287879472,2.0457852667426706,2.0562141481806546,2.0665707364895334
1.6,1.5849773658953894,1.5855083114185022,1.5863924824169335,1.5876287735118255,1.589215639585049,1.5911511005349541,1.5934327437665992,1.5960577289384323,1.5990227993956856,1.6023242770332446,1.6059580817334012,1.6099197342037448,1.6142043654910394,1.6188067286285284,1.6237212080213663,1.6289418326983327,1.6344622855997066,1.640275922672794,1.64637578111949,1.6527545973974054,1.6594048212390917,1.6663186333024937,1.6734879605622919,1.6809044936130217,1.6885597097494789,1.696444880924435,1.7045511035123604,1.7128693128228982,1.7213903032662068,1.7301047499527982,1.7390032278442855,1.7480762337373936,1.757314204260423,1.766707541582298,1.7762466291479198,1.7859218549186908,1.7957236303713973,1.8056424115996526,1.8156687175481587,1.8257931488028387,1.8360064099238183,1.8462993184493683,1.8566628303149704,1.8670880517671564,1.8775662546402476,1.8880888915333132,1.8986476078738035,1.9092342550006765,1.919840899032605,1.9304598345892443,1.9410835897589311,1.951704935918887,1.9623168933397874,1.9729127376044056,1.9834860031149457,1.9940304863669778,2.0045402512978794,2.0150096243449394,2.0254332011949385,2.0358058433412243,2.046122677089995,2.0563790920035623,2.066570737606644,2.07669352052329
